Brand Name,Quantity of products
4Play Wheels (JNSC),210
Addictive Desert Designs (GGVF),87
Advanced Clutch (BHXS),2188
Advanced Fuel Dynamics (HWRB),120
Akrapovic (FGWP),290
Aldan American (HCKS),866
Alpha Owls (HVJN),110
Alumi-Blast (FNKV),2
Anderson Composites (GMKH),320
Armordillo USA (GWND),2162
Armorlite (JJPV),36
Autel (DLRX),219
AutoMeter (BDHZ),3735
Backrack (BKHJ),311
Baer Brake Systems (BKCZ),2101
Baer Sport (FBCH),505
BBK Performance Parts (BGRW),489
Big Country (CNNX),881
Big Rig (BSDG),10
Black Horse Off Road (GDRD),5736
Blue Ox (FDRW),952
BMR Suspension (FDGD),581
Body Armor 4x4 (HCTY),198
Booster PAC (BKGT),15
Boostline (JCTQ),157
Borla (BDLS),1332
BRExhaust (BBHH),3205
Callies (GBTB),1199
Cast Iron Gray (FNKR),1
CHARGE IT! (GCFJ),7
Clazzio (GNVM),955
CLIM ART (HTMX),391
Crown Automotive Jeep Replacement (BKMN),9260
CSF Cooling - Racing & High Performance Division (GQPL),171
Custom Battery Cables (HVZF),89
Dedenbear (BGWS),167
Derale (BDST),725
Deviant Race Parts (FTKR),172
DKM Clutch (JGGM),49
DPW (JFBM),4
DV8 Offroad (HKJT),443
E3 Spark Plugs (CFPQ),35
Eagle Specialty Prod (CFQW),6793
EBC Brakes (BHWL),25948
Eibach Springs (DMWF),3270
Energy Suspension (BDVQ),3052
EngineQuest (GBXC),318
Equus (FCHQ),121
Fabtech (BKBN),2054
Factor 55 (GGBW),181
Farm & Industry Enamels (FNMD),1
Fidanza Performance (BJCJ),476
Flexx Boot (DRBH),15
Fresh-N-Quick (FNKN),9
G-FORCE Racing Gear (CLMT),686
G-Sport Emissions Systems (HWVT),19
G2 Axle and Gear (FCNB),1183
Garvin Wilderness (BGLX),156
Gates (BBSC),765
GEN-Y Hitch (HHKM),421
Gibson Performance Exhaust (BFBL),1284
Goodyear Car Accessories (HZBV),379
Goodyear Wiper Blades (DVJP),189
Granatelli Motorsports (BHBR),1785
Great American Colors (FNKK),1
Green Filter USA (FSRJ),414
Hellwig (BFDQ),412
Hi Tech (DFHT),8
Hi-lift Jack (BJDH),61
Hitch-Locker (JWJZ),7
Hot Spot (FNLF),2
HUBB Filters (GPSX),39
Hushmat (FGSS),3650
Husky Liners (BBVR),1570
ICI (BKCK),33
Injen (BKLD),1210
Innovate Motorsports (CLQR),104
Insane Audio (GSNS),15
JE Pistons (BHXG),10922
JKS Manufacturing (BKWD),495
K1 Technologies (GBMW),394
KC HiLiTES (BFHB),430
King Engine Bearings (BJDV),2907
Lock'er Down (FNDK),111
Lrg Rims (FNSK),254
Lucas Oil Products (DGGX),481
MagnaFlow Exhaust Products (FBHB),7552
Manley (BBPB),9568
McLeod (BHGR),1691
Melling (BCBC),4412
Melling Select Performance (FMBP),192
Miller CAT (HDGJ),142
MRO (FNKH),16
Nitrous Express (BKIR),2157
Oracle Lighting (FQCV),6849
Paramount Automotive (GHKJ),133
PBE Professional (GQJQ),5
Pedal Commander (GHQP),1199
Performance Distributors (GNHW),2313
Poison Spyder (FVNN),341
Pop & Lock (BHKN),149
Pro Comp (BKBQ),462
Pro Comp Steel Wheels (FPWF),66
Pro Comp Suspension (DFCW),1907
Pro Comp Tires (BKBR),51
Pro Seal (HXYD),202
PRW (FMJX),1163
Pulstar (BKRS),14
Quiet Seal (FNKS),1
Race Sport (GBKR),5498
RaceChip (HNXT),956
RADIUM Engineering (GPWQ),742
RAM Clutches (HSWP),1135
Raptor Series (DTLV),545
RIGID Industries (FLWB),678
RT Offroad (GGMQ),741
Rubicon Express (BKTG),891
Saver Wiper Blades (HNVF),56
Seibon Carbon (HGQB),859
Seymour Primers (GQQJ),4
Seymour Spray Match Aerosols (GQRN),2
Seymour Stainless Steel (GQRB),1
Seymour Truck Bed Coating (GQQX),1
Silver Sport Transmissions (JLHN),360
SLP Performance (BKSC),59
Smittybilt (DSBP),1106
Snow Performance (FGTF),470
South Bend Clutch (GMMP),3464
Spruce (FNKJ),16
Stack (DDWN),524
Top Street Performance (GHWT),1018
Tough Country (GMGJ),283
Truck Covers USA (FNBF),255
Truck2Go (JWSK),59
Turbo XS (CLRQ),195
Unique Truck Accessories (GXTX),325
US Speedo (BKJW),2249
VORTEX1 (JFBN),2
Warn (BCSQ),2186
Weiand (BHTK),530
Whiteline (FMSM),1485
Wiseco (BJKF),11266
